333 11th Street, San Francisco, CA 94103, USA, 37.77151, -122.41328
859 O'Farrell Street, San Francisco, CA 94109, USA, 37.78476, -122.41884
500 4th Street, San Francisco, CA 94107, USA, 37.77929, -122.39813
853 Valencia Street, San Francisco, CA 94110, USA, 37.75928, -122.42122
3248 22nd Street, San Francisco, CA 94110, USA, 37.75554, -122.41973
2170 Market Street, San Francisco, CA 94114, USA, 37.76675, -122.43050
1330 Fillmore Street, San Francisco, CA 94115, USA, 37.78206, -122.43224
1601 Fillmore Street, San Francisco, CA 94115, USA, 37.78461, -122.43320
777 Valencia Street, San Francisco, CA 94110, USA, 37.76056, -122.42119
2183 Mission Street, San Francisco, CA 94110, USA, 37.76210, -122.41915
1710 Mission Street, San Francisco, CA 94103, USA, 37.76972, -122.42038
161 Erie Street, San Francisco, CA 94103, USA, 37.76890, -122.41937
1539 Folsom Street, San Francisco, CA 94103, USA, 37.77126, -122.41441
1535 Folsom Street, San Francisco, CA 94103, USA, 37.77139, -122.41434
314 11th Street, San Francisco, CA 94103, USA, 37.77145, -122.41394
354 11th Street, San Francisco, CA 94103, USA, 37.77103, -122.41335
375 11th Street, San Francisco, CA 94103, USA, 37.77102, -122.41272
2389 Mission Street, San Francisco, CA 94110, USA, 37.75894, -122.41877
2937 Mission Street, San Francisco, CA 94110, USA, 37.75004, -122.41789
3158 Mission Street, San Francisco, CA 94110, USA, 37.74681, -122.41947
540 Valencia Street, San Francisco, CA 94110, USA, 37.76425, -122.42186
1015 Folsom Street, San Francisco, CA 94103, USA, 37.77810, -122.40576
1190 Folsom Street, San Francisco, CA 94103, USA, 37.77539, -122.40993
1192 Folsom Street, San Francisco, CA 94103, USA, 37.77535, -122.41001
1015 Folsom Street, San Francisco, CA 94103, USA, 37.77810, -122.40576
401 6th Street, San Francisco, CA 94708, USA, 37.77722, -122.40380
420 Mason Street, San Francisco, CA 94102, USA, 37.78759, -122.40981
1151 Folsom Street, San Francisco, CA 94103, USA, 37.77578, -122.40889
1111 California Street, San Francisco, CA 94108, USA, 37.79118, -122.41294
628 Divisadero Street, San Francisco, CA 94117, USA, 37.77554, -122.43761
201 Franklin Street, San Francisco, CA 94102, USA, 37.77633, -122.42154
1192 Market Street, San Francisco, CA 94102, USA, 37.77925, -122.41457
982 Market Street, San Francisco, CA 94102, USA, 37.78266, -122.41018
101 6th Street, San Francisco, CA 94103, USA, 37.78097, -122.40841
119 Utah Street, San Francisco, CA 94103, USA, 37.76747, -122.40688
1600 17th Street, San Francisco, CA 94107, USA, 37.76512, -122.39991
1233 17th Street, San Francisco, CA 94107, USA, 37.76502, -122.39644
2424 Mariposa Street, San Francisco, CA 94110, USA, 37.76339, -122.40793
1131 Polk Street, San Francisco, CA 94109, USA, 37.78739, -122.42026
155 Fell Street, San Francisco, CA 94102, USA, 37.77612, -122.42048
401 Mason Street, San Francisco, CA 94102, USA, 37.78730, -122.41014
444 Jessie Street, San Francisco, CA 94103, USA, 37.78248, -122.40807
800 Post Street, San Francisco, CA 94109, USA, 37.78761, -122.41521
561 Geary Street, San Francisco, CA 94102, USA, 37.78679, -122.41252
1695 Polk Street, San Francisco, CA 94109, USA, 37.79223, -122.42123
2299 Mission Street, San Francisco, CA 94110, USA, 37.76025, -122.41923
3376 19th Street, San Francisco, CA 94110, USA, 37.76028, -122.41884
806 South Van Ness Avenue, San Francisco, CA 94110, USA, 37.76017, -122.41726
